{"cameraMode":{"drawMode":0,"name":"Shaded","section":"Shading Mode"},"sceneLighting":false,"audioPlay":false,"sceneViewState":{"m_AlwaysRefresh":false,"showFog":true,"showSkybox":true,"showFlares":true,"showImageEffects":true,"showParticleSystems":true,"showVisualEffectGraphs":true,"m_FxEnabled":true},"in2DMode":false,"pivot":{"x":1.0658278465270997,"y":15.490543365478516,"z":328.4561767578125},"rotation":{"x":-0.0029413497541099788,"y":-0.9788005352020264,"z":0.2043394297361374,"w":-0.0140894940122962},"size":28.59515953063965,"orthographic":false}